{"cameraMode":{"drawMode":0,"name":"Shaded","section":"Shading Mode"},"sceneLighting":false,"audioPlay":false,"sceneViewState":{"m_AlwaysRefresh":false,"showFog":true,"showSkybox":false,"showFlares":true,"showImageEffects":true,"showParticleSystems":true,"showVisualEffectGraphs":true,"m_FxEnabled":true},"in2DMode":false,"pivot":{"x":0.038867149502038959,"y":0.08742746710777283,"z":0.04469075798988342},"rotation":{"x":-0.20435470342636109,"y":-0.008225994184613228,"z":0.001717205042950809,"w":-0.9788678288459778},"size":0.6930105686187744,"orthographic":true}