{"cameraMode":{"drawMode":0,"name":"Shaded","section":"Shading Mode"},"sceneLighting":true,"audioPlay":false,"sceneViewState":{"m_AlwaysRefresh":false,"showFog":true,"showSkybox":true,"showFlares":true,"showImageEffects":true,"showParticleSystems":true,"showVisualEffectGraphs":true,"m_FxEnabled":true},"in2DMode":false,"pivot":{"x":0.9566178321838379,"y":-0.006744384765625,"z":-4.2624335289001469},"rotation":{"x":-0.16295038163661958,"y":-0.03935914486646652,"z":0.006505363620817661,"w":-0.9858361482620239},"size":6.843938827514648,"orthographic":true}